,0,1,2,3,4,5,6,7
0,0.06749862,0.0027789662,0.01464941,0.024254471,0.0014873557,0.07526195,0.81397724,9.200815e-05
1,0.06749862,0.0027789662,0.01464941,0.024254471,0.0014873557,0.07526195,0.81397724,9.200815e-05
2,0.06749862,0.0027789662,0.01464941,0.024254471,0.0014873557,0.07526195,0.81397724,9.200815e-05
3,0.06749862,0.0027789662,0.01464941,0.024254471,0.0014873557,0.07526195,0.81397724,9.200815e-05
4,3.1521123e-20,0.19938108,1.3528039e-06,0.00467579,1.4751267e-24,3.5651815e-09,0.79594177,3.2517065e-16
5,0.06749862,0.0027789662,0.01464941,0.024254471,0.0014873557,0.07526195,0.81397724,9.200815e-05
6,0.30572364,0.034075934,0.01319777,0.04007502,0.0042788605,0.070995376,0.5312898,0.00036363097
7,0.06749862,0.0027789662,0.01464941,0.024254471,0.0014873557,0.07526195,0.81397724,9.200815e-05
8,0.06749862,0.0027789662,0.01464941,0.024254471,0.0014873557,0.07526195,0.81397724,9.200815e-05
9,0.06749862,0.0027789662,0.01464941,0.024254471,0.0014873557,0.07526195,0.81397724,9.200815e-05
10,0.06749862,0.0027789662,0.01464941,0.024254471,0.0014873557,0.07526195,0.81397724,9.200815e-05
11,0.06749862,0.0027789662,0.01464941,0.024254471,0.0014873557,0.07526195,0.81397724,9.200815e-05
12,7.6317327e-34,0.012819535,1.531106e-14,1.11914554e-10,0.0,6.823563e-16,0.9871804,2.6276123e-36
13,2.3269942e-17,0.058752164,2.0185956e-07,0.0019449745,3.1310334e-20,2.478322e-08,0.93930256,7.334436e-16
14,0.0,0.0013303966,2.0563349e-21,3.4089232e-19,0.0,1.9091674e-23,0.9986696,0.0
15,4.1274635e-29,0.019361338,6.1167555e-12,4.8941377e-08,5.463582e-36,1.9377983e-13,0.98063856,1.462146e-29
16,0.06749862,0.0027789662,0.01464941,0.024254471,0.0014873557,0.07526195,0.81397724,9.200815e-05
17,0.06749862,0.0027789662,0.01464941,0.024254471,0.0014873557,0.07526195,0.81397724,9.200815e-05
18,0.06749862,0.0027789662,0.01464941,0.024254471,0.0014873557,0.07526195,0.81397724,9.200815e-05
19,0.06749862,0.0027789662,0.01464941,0.024254471,0.0014873557,0.07526195,0.81397724,9.200815e-05
20,0.06749862,0.0027789662,0.01464941,0.024254471,0.0014873557,0.07526195,0.81397724,9.200815e-05
21,7.487688e-11,0.20165005,4.489697e-06,0.00012184428,5.731542e-16,6.088305e-06,0.79821754,3.9274957e-15
22,0.06749862,0.0027789662,0.01464941,0.024254471,0.0014873557,0.07526195,0.81397724,9.200815e-05
23,0.0,0.30172318,1.2263726e-18,5.637445e-13,0.0,8.355764e-20,0.6982768,0.0
24,5.5675686e-30,0.57546735,1.2197574e-22,1.9768887e-29,0.0,4.0409543e-17,0.42453268,0.0
25,0.016012277,0.02504407,0.008642036,0.34294882,0.0025993744,0.027231762,0.57503515,0.0024864555
26,0.8364298,7.8142706e-14,0.002326621,2.3828764e-37,2.0773327e-32,0.15325862,0.0079849,0.0
27,2.1133379e-14,1.3877894e-13,0.039885532,1.1050797e-13,1.6323007e-37,3.908697e-13,0.9601144,2.6064529e-27
28,0.05231529,1.6798744e-15,0.09072695,6.529985e-14,1.9324346e-20,0.00017213849,0.8567857,6.1540266e-26
29,0.06749862,0.0027789662,0.01464941,0.024254471,0.0014873557,0.07526195,0.81397724,9.200815e-05
30,0.06749862,0.0027789662,0.01464941,0.024254471,0.0014873557,0.07526195,0.81397724,9.200815e-05
31,0.06749862,0.0027789662,0.01464941,0.024254471,0.0014873557,0.07526195,0.81397724,9.200815e-05
32,0.30572423,0.03407581,0.013197767,0.04007482,0.0042788535,0.07099543,0.53128946,0.0003636283
33,0.06749862,0.0027789662,0.01464941,0.024254471,0.0014873557,0.07526195,0.81397724,9.200815e-05
34,0.06749862,0.0027789662,0.01464941,0.024254471,0.0014873557,0.07526195,0.81397724,9.200815e-05
35,0.06749862,0.0027789662,0.01464941,0.024254471,0.0014873557,0.07526195,0.81397724,9.200815e-05
36,0.06749862,0.0027789662,0.01464941,0.024254471,0.0014873557,0.07526195,0.81397724,9.200815e-05
37,0.06749862,0.0027789662,0.01464941,0.024254471,0.0014873557,0.07526195,0.81397724,9.200815e-05
38,0.06749862,0.0027789662,0.01464941,0.024254471,0.0014873557,0.07526195,0.81397724,9.200815e-05
39,4.1396873e-08,0.21281913,6.6562636e-05,4.920093e-05,4.1783224e-14,0.00016489909,0.7869001,7.849008e-15
40,0.06749862,0.0027789662,0.01464941,0.024254471,0.0014873557,0.07526195,0.81397724,9.200815e-05
41,0.06749862,0.0027789662,0.01464941,0.024254471,0.0014873557,0.07526195,0.81397724,9.200815e-05
42,0.06749862,0.0027789662,0.01464941,0.024254471,0.0014873557,0.07526195,0.81397724,9.200815e-05
43,1.487271e-11,0.03215913,0.000109781446,0.22784145,2.4421988e-12,9.337378e-06,0.7398802,1.0387674e-08
44,0.06749862,0.0027789662,0.01464941,0.024254471,0.0014873557,0.07526195,0.81397724,9.200815e-05
45,0.06749862,0.0027789662,0.01464941,0.024254471,0.0014873557,0.07526195,0.81397724,9.200815e-05
46,0.06749862,0.0027789662,0.01464941,0.024254471,0.0014873557,0.07526195,0.81397724,9.200815e-05
47,0.06749862,0.0027789662,0.01464941,0.024254471,0.0014873557,0.07526195,0.81397724,9.200815e-05
48,0.06749862,0.0027789662,0.01464941,0.024254471,0.0014873557,0.07526195,0.81397724,9.200815e-05
49,0.06749862,0.0027789662,0.01464941,0.024254471,0.0014873557,0.07526195,0.81397724,9.200815e-05
50,0.0,4.8460375e-11,0.0,0.0,0.0,0.0,1.0,0.0
51,0.06749862,0.0027789662,0.01464941,0.024254471,0.0014873557,0.07526195,0.81397724,9.200815e-05
52,0.06749862,0.0027789662,0.01464941,0.024254471,0.0014873557,0.07526195,0.81397724,9.200815e-05
53,3.723058e-12,0.029052012,5.709504e-06,0.022027055,3.722117e-14,1.7503343e-06,0.9489135,2.9759636e-11
54,0.16469242,0.05184264,9.865114e-05,3.6902058e-15,1.5738975e-15,0.027230531,0.75613576,1.0552993e-30
55,0.6890748,7.526331e-09,0.023570659,1.18903e-12,1.0949262e-12,0.14264834,0.14470617,4.4800437e-18
56,0.06749862,0.0027789662,0.01464941,0.024254471,0.0014873557,0.07526195,0.81397724,9.200815e-05
57,0.06749862,0.0027789662,0.01464941,0.024254471,0.0014873557,0.07526195,0.81397724,9.200815e-05
58,0.06749862,0.0027789662,0.01464941,0.024254471,0.0014873557,0.07526195,0.81397724,9.200815e-05
59,0.06749862,0.0027789662,0.01464941,0.024254471,0.0014873557,0.07526195,0.81397724,9.200815e-05
60,0.012033307,0.039588235,0.007347403,0.4175161,0.002324923,0.019848937,0.49860457,0.0027365172
61,0.06749862,0.0027789662,0.01464941,0.024254471,0.0014873557,0.07526195,0.81397724,9.200815e-05
62,1.2071142e-12,0.12447773,0.000105395586,0.28505522,3.3055705e-14,2.8355141e-06,0.5903588,9.084497e-09
63,0.06749862,0.0027789662,0.01464941,0.024254471,0.0014873557,0.07526195,0.81397724,9.200815e-05
64,0.06749862,0.0027789662,0.01464941,0.024254471,0.0014873557,0.07526195,0.81397724,9.200815e-05
65,0.06749862,0.0027789662,0.01464941,0.024254471,0.0014873557,0.07526195,0.81397724,9.200815e-05
66,0.012033307,0.039588235,0.007347403,0.4175161,0.002324923,0.019848937,0.49860457,0.0027365172
67,0.012033307,0.039588235,0.007347403,0.4175161,0.002324923,0.019848937,0.49860457,0.0027365172
68,1.2071142e-12,0.12447773,0.000105395586,0.28505522,3.3055705e-14,2.8355141e-06,0.5903588,9.084497e-09
69,0.06749862,0.0027789662,0.01464941,0.024254471,0.0014873557,0.07526195,0.81397724,9.200815e-05
70,0.06749862,0.0027789662,0.01464941,0.024254471,0.0014873557,0.07526195,0.81397724,9.200815e-05
71,0.06749862,0.0027789662,0.01464941,0.024254471,0.0014873557,0.07526195,0.81397724,9.200815e-05
72,4.7337385e-20,0.20013794,1.0008793e-06,0.003986466,2.1385479e-24,3.7687276e-09,0.7958746,2.4836478e-16
73,7.88484e-13,0.12907618,9.2987524e-05,0.26228637,1.8083122e-14,2.4096664e-06,0.608542,5.7578236e-09
74,0.06749862,0.0027789662,0.01464941,0.024254471,0.0014873557,0.07526195,0.81397724,9.200815e-05
75,0.06749862,0.0027789662,0.01464941,0.024254471,0.0014873557,0.07526195,0.81397724,9.200815e-05
76,0.06749862,0.0027789662,0.01464941,0.024254471,0.0014873557,0.07526195,0.81397724,9.200815e-05
77,0.06749862,0.0027789662,0.01464941,0.024254471,0.0014873557,0.07526195,0.81397724,9.200815e-05
78,0.06749862,0.0027789662,0.01464941,0.024254471,0.0014873557,0.07526195,0.81397724,9.200815e-05
79,0.06749862,0.0027789662,0.01464941,0.024254471,0.0014873557,0.07526195,0.81397724,9.200815e-05
80,0.06749862,0.0027789662,0.01464941,0.024254471,0.0014873557,0.07526195,0.81397724,9.200815e-05
81,0.06749862,0.0027789662,0.01464941,0.024254471,0.0014873557,0.07526195,0.81397724,9.200815e-05
82,0.06749862,0.0027789662,0.01464941,0.024254471,0.0014873557,0.07526195,0.81397724,9.200815e-05
83,0.06749862,0.0027789662,0.01464941,0.024254471,0.0014873557,0.07526195,0.81397724,9.200815e-05
84,0.06749862,0.0027789662,0.01464941,0.024254471,0.0014873557,0.07526195,0.81397724,9.200815e-05
85,0.05365179,0.0054952726,0.013914016,0.05153766,0.0019348995,0.064155124,0.80907345,0.00023778243
86,0.06749862,0.0027789662,0.01464941,0.024254471,0.0014873557,0.07526195,0.81397724,9.200815e-05
87,0.06447495,0.0032114317,0.014523773,0.028453324,0.0015747937,0.07294872,0.81470054,0.000112443675
88,0.06749862,0.0027789662,0.01464941,0.024254471,0.0014873557,0.07526195,0.81397724,9.200815e-05
89,0.06749862,0.0027789662,0.01464941,0.024254471,0.0014873557,0.07526195,0.81397724,9.200815e-05
90,0.06749862,0.0027789662,0.01464941,0.024254471,0.0014873557,0.07526195,0.81397724,9.200815e-05
91,0.06749862,0.0027789662,0.01464941,0.024254471,0.0014873557,0.07526195,0.81397724,9.200815e-05
92,0.06749862,0.0027789662,0.01464941,0.024254471,0.0014873557,0.07526195,0.81397724,9.200815e-05
93,0.06749862,0.0027789662,0.01464941,0.024254471,0.0014873557,0.07526195,0.81397724,9.200815e-05
94,0.06749862,0.0027789662,0.01464941,0.024254471,0.0014873557,0.07526195,0.81397724,9.200815e-05
95,0.0,0.0032611487,2.6641329e-18,1.6056992e-15,0.0,3.7660082e-20,0.99673885,0.0
96,0.0,0.0032611487,2.6641329e-18,1.6056992e-15,0.0,3.7660082e-20,0.99673885,0.0
97,0.06749862,0.0027789662,0.01464941,0.024254471,0.0014873557,0.07526195,0.81397724,9.200815e-05
98,0.0,0.00081174914,2.5116421e-23,2.587619e-21,0.0,1.3677861e-25,0.99918824,0.0
99,0.06749862,0.0027789662,0.01464941,0.024254471,0.0014873557,0.07526195,0.81397724,9.200815e-05
100,0.06749862,0.0027789662,0.01464941,0.024254471,0.0014873557,0.07526195,0.81397724,9.200815e-05
101,0.06749862,0.0027789662,0.01464941,0.024254471,0.0014873557,0.07526195,0.81397724,9.200815e-05
102,0.06749862,0.0027789662,0.01464941,0.024254471,0.0014873557,0.07526195,0.81397724,9.200815e-05
103,0.06749862,0.0027789662,0.01464941,0.024254471,0.0014873557,0.07526195,0.81397724,9.200815e-05
104,0.06749862,0.0027789662,0.01464941,0.024254471,0.0014873557,0.07526195,0.81397724,9.200815e-05
105,0.06749862,0.0027789662,0.01464941,0.024254471,0.0014873557,0.07526195,0.81397724,9.200815e-05
106,0.06749862,0.0027789662,0.01464941,0.024254471,0.0014873557,0.07526195,0.81397724,9.200815e-05
107,0.06749862,0.0027789662,0.01464941,0.024254471,0.0014873557,0.07526195,0.81397724,9.200815e-05
108,0.06749862,0.0027789662,0.01464941,0.024254471,0.0014873557,0.07526195,0.81397724,9.200815e-05
109,0.06749862,0.0027789662,0.01464941,0.024254471,0.0014873557,0.07526195,0.81397724,9.200815e-05
110,0.06749862,0.0027789662,0.01464941,0.024254471,0.0014873557,0.07526195,0.81397724,9.200815e-05
111,0.045528233,0.012531877,0.013300213,0.0985637,0.0024556378,0.052575376,0.7745105,0.0005344249
112,3.1779842e-36,0.009287157,1.9814305e-15,8.0104074e-12,0.0,6.723573e-17,0.9907128,0.0
113,1.7902113e-35,0.011631728,1.4822853e-15,1.1756367e-11,0.0,8.460346e-17,0.98836833,0.0
114,0.06749862,0.0027789662,0.01464941,0.024254471,0.0014873557,0.07526195,0.81397724,9.200815e-05
115,0.89931065,9.426346e-09,0.0009558811,1.0347852e-21,6.866348e-14,0.04009051,0.059642922,5.6183543e-36
116,8.557572e-22,3.0189558e-09,1.2684511e-08,6.809325e-15,3.91165e-32,1.7517692e-09,1.0,5.9588107e-36
117,3.3905132e-20,0.008383722,3.297067e-08,0.00011114054,4.204129e-24,8.0645485e-10,0.9915051,3.2442864e-19
118,6.1624016e-17,0.03303558,1.5546658e-06,0.017967558,4.382212e-19,6.22706e-08,0.94899523,2.7048916e-14
119,0.06749862,0.0027789662,0.01464941,0.024254471,0.0014873557,0.07526195,0.81397724,9.200815e-05
120,0.06749862,0.0027789662,0.01464941,0.024254471,0.0014873557,0.07526195,0.81397724,9.200815e-05
121,0.06749862,0.0027789662,0.01464941,0.024254471,0.0014873557,0.07526195,0.81397724,9.200815e-05
122,0.06749862,0.0027789662,0.01464941,0.024254471,0.0014873557,0.07526195,0.81397724,9.200815e-05
123,5.1426423e-20,0.016415397,2.7451967e-09,0.00013145931,3.6319562e-24,3.6549636e-10,0.9834531,6.363823e-20
124,0.06749862,0.0027789662,0.01464941,0.024254471,0.0014873557,0.07526195,0.81397724,9.200815e-05
125,0.06749862,0.0027789662,0.01464941,0.024254471,0.0014873557,0.07526195,0.81397724,9.200815e-05
126,0.06749862,0.0027789662,0.01464941,0.024254471,0.0014873557,0.07526195,0.81397724,9.200815e-05
127,5.1426423e-20,0.016415397,2.7451967e-09,0.00013145931,3.6319562e-24,3.6549636e-10,0.9834531,6.363823e-20
128,0.06749862,0.0027789662,0.01464941,0.024254471,0.0014873557,0.07526195,0.81397724,9.200815e-05
129,0.96607256,3.9799326e-07,2.111938e-06,0.0,0.0,0.01765624,0.016268734,0.0
130,0.06749862,0.0027789662,0.01464941,0.024254471,0.0014873557,0.07526195,0.81397724,9.200815e-05
131,0.06749862,0.0027789662,0.01464941,0.024254471,0.0014873557,0.07526195,0.81397724,9.200815e-05
132,3.7071335e-10,2.182001e-15,0.051947482,3.3254918e-15,4.7052936e-34,1.2079847e-10,0.9480526,1.2981553e-29
133,3.380472e-10,2.5205223e-15,0.051877286,3.9070047e-15,5.358168e-34,1.1901342e-10,0.94812274,1.7414523e-29
134,3.7071335e-10,2.182001e-15,0.051947482,3.3254918e-15,4.7052936e-34,1.2079847e-10,0.9480526,1.2981553e-29
135,3.380472e-10,2.5205223e-15,0.051877286,3.9070047e-15,5.358168e-34,1.1901342e-10,0.94812274,1.7414523e-29
136,3.7071335e-10,2.182001e-15,0.051947482,3.3254918e-15,4.7052936e-34,1.2079847e-10,0.9480526,1.2981553e-29
137,3.6956668e-10,2.1850568e-15,0.051944263,3.3300478e-15,4.6963433e-34,1.206016e-10,0.9480558,1.3010549e-29
138,3.7071335e-10,2.182001e-15,0.051947482,3.3254918e-15,4.7052936e-34,1.2079847e-10,0.9480526,1.2981553e-29
139,3.6956668e-10,2.1850568e-15,0.051944263,3.3300478e-15,4.6963433e-34,1.206016e-10,0.9480558,1.3010549e-29
140,3.380472e-10,2.5205223e-15,0.051877286,3.9070047e-15,5.358168e-34,1.1901342e-10,0.94812274,1.7414523e-29
141,3.380472e-10,2.5205223e-15,0.051877286,3.9070047e-15,5.358168e-34,1.1901342e-10,0.94812274,1.7414523e-29
142,3.3708059e-10,2.5230894e-15,0.05187426,3.910715e-15,5.3460983e-34,1.1882396e-10,0.9481258,1.7440108e-29
143,3.6956668e-10,2.1850568e-15,0.051944263,3.3300478e-15,4.6963433e-34,1.206016e-10,0.9480558,1.3010549e-29
144,0.06749862,0.0027789662,0.01464941,0.024254471,0.0014873557,0.07526195,0.81397724,9.200815e-05
145,0.0033061956,0.08044581,0.004658803,0.3917789,0.00041725708,0.0114051765,0.50707644,0.0009114402
146,3.7777973e-30,0.02411708,1.3135887e-13,3.3175012e-09,6.5524694e-38,1.4848098e-14,0.97588295,6.9161104e-32
147,0.06749862,0.0027789662,0.01464941,0.024254471,0.0014873557,0.07526195,0.81397724,9.200815e-05
148,4.1396873e-08,0.21281913,6.6562636e-05,4.920093e-05,4.1783224e-14,0.00016489909,0.7869001,7.849008e-15
149,3.7777973e-30,0.02411708,1.3135887e-13,3.3175012e-09,6.5524694e-38,1.4848098e-14,0.97588295,6.9161104e-32
150,3.777797e-30,0.024117101,1.313591e-13,3.3175132e-09,6.552519e-38,1.484801e-14,0.9758828,6.916056e-32
151,4.1631256e-14,0.07214949,3.2302191e-06,0.014152621,2.130959e-16,6.045982e-07,0.91369396,1.0104392e-12
152,4.1631256e-14,0.07214949,3.2302191e-06,0.014152621,2.130959e-16,6.045982e-07,0.91369396,1.0104392e-12
153,4.8480995e-13,0.08082166,5.1637076e-06,0.009497001,1.2080319e-15,1.4685188e-06,0.9096746,2.042154e-12
154,1.3812486e-13,0.1455502,5.4707347e-05,0.1833275,1.5682182e-15,1.2204036e-06,0.6710663,8.962604e-10
155,0.06749862,0.0027789662,0.01464941,0.024254471,0.0014873557,0.07526195,0.81397724,9.200815e-05
156,0.06749862,0.0027789662,0.01464941,0.024254471,0.0014873557,0.07526195,0.81397724,9.200815e-05
157,2.4046365e-13,0.0816167,3.3544122e-06,0.0066519743,4.4653046e-16,9.922907e-07,0.91172695,8.1121893e-13
158,0.06749862,0.0027789662,0.01464941,0.024254471,0.0014873557,0.07526195,0.81397724,9.200815e-05
159,1.2071142e-12,0.12447773,0.000105395586,0.28505522,3.3055705e-14,2.8355141e-06,0.5903588,9.084497e-09
160,2.2444175e-12,0.122707956,9.81655e-05,0.2777433,7.191848e-14,3.6089916e-06,0.5994469,9.657613e-09
161,2.5674227e-11,0.09767124,0.0001768939,0.40827313,2.0530578e-12,8.85402e-06,0.4938697,1.069243e-07
162,0.012033307,0.039588235,0.007347403,0.4175161,0.002324923,0.019848937,0.49860457,0.0027365172
163,0.012033307,0.039588235,0.007347403,0.4175161,0.002324923,0.019848937,0.49860457,0.0027365172
164,2.5674227e-11,0.09767124,0.0001768939,0.40827313,2.0530578e-12,8.85402e-06,0.4938697,1.069243e-07
165,0.06749862,0.0027789662,0.01464941,0.024254471,0.0014873557,0.07526195,0.81397724,9.200815e-05
166,1.3812486e-13,0.1455502,5.4707347e-05,0.1833275,1.5682182e-15,1.2204036e-06,0.6710663,8.962604e-10
167,2.2444175e-12,0.122707956,9.81655e-05,0.2777433,7.191848e-14,3.6089916e-06,0.5994469,9.657613e-09
168,6.5920556e-20,0.19943231,1.1979516e-06,0.0046645505,3.4064047e-24,4.439054e-09,0.7959019,3.859772e-16
169,1.2071142e-12,0.12447773,0.000105395586,0.28505522,3.3055705e-14,2.8355141e-06,0.5903588,9.084497e-09
170,1.3812486e-13,0.1455502,5.4707347e-05,0.1833275,1.5682182e-15,1.2204036e-06,0.6710663,8.962604e-10
171,2.2444175e-12,0.122707956,9.81655e-05,0.2777433,7.191848e-14,3.6089916e-06,0.5994469,9.657613e-09
172,0.06749862,0.0027789662,0.01464941,0.024254471,0.0014873557,0.07526195,0.81397724,9.200815e-05
173,0.06749862,0.0027789662,0.01464941,0.024254471,0.0014873557,0.07526195,0.81397724,9.200815e-05
174,0.06749862,0.0027789662,0.01464941,0.024254471,0.0014873557,0.07526195,0.81397724,9.200815e-05
175,3.3972351e-18,0.18957657,3.643116e-07,0.0024019154,4.891636e-22,1.6038642e-08,0.8080211,2.9286474e-16
176,0.06749862,0.0027789662,0.01464941,0.024254471,0.0014873557,0.07526195,0.81397724,9.200815e-05
177,0.06749862,0.0027789662,0.01464941,0.024254471,0.0014873557,0.07526195,0.81397724,9.200815e-05
178,0.66273916,0.010390318,0.007969839,0.000733173,0.00026408327,0.064066924,0.25383428,2.217823e-06
179,0.6744979,0.007869301,0.0073429677,0.00022208209,7.999592e-05,0.065167025,0.24482033,3.4510578e-07
180,0.59046763,0.010211705,0.012007884,0.010287817,0.004320942,0.07011264,0.30242193,0.00016945282
181,0.00462987,0.04241907,0.0048614875,0.5728667,0.0014311816,0.0110648265,0.35903224,0.0036946118
182,0.037178215,0.020770006,0.012176213,0.15909722,0.0028170496,0.04373215,0.72324127,0.0009878802
183,0.7165681,0.004088025,0.00461799,1.6646411e-06,5.014382e-07,0.06547121,0.20925243,1.1969063e-10
184,2.0321614e-17,0.011175246,1.4807358e-06,0.0022606687,6.1987287e-20,2.623757e-08,0.98656255,3.0379574e-15
185,0.1439467,0.014106216,0.004640141,0.47729248,0.12562396,0.014694662,0.077697165,0.14199865
186,9.91081e-06,0.039495714,0.0014181797,0.74760914,3.9100732e-06,0.00067416584,0.20982064,0.00096843526
187,6.111185e-05,0.036351837,0.001858828,0.7623852,2.9242365e-05,0.0012959483,0.19554858,0.002469201
188,0.1439467,0.014106216,0.004640141,0.47729248,0.12562396,0.014694662,0.077697165,0.14199865
189,0.1439467,0.014106216,0.004640141,0.47729248,0.12562396,0.014694662,0.077697165,0.14199865
190,6.111185e-05,0.036351837,0.001858828,0.7623852,2.9242365e-05,0.0012959483,0.19554858,0.002469201
191,4.323789e-07,0.031283807,0.0007148899,0.6630927,2.2252075e-07,0.00034206745,0.3045134,5.2561e-05
192,0.054896794,0.022939222,0.0052381684,0.6564893,0.040977046,0.013494033,0.12480887,0.081156574
193,3.3221636e-06,0.02979387,0.0010421586,0.691351,1.9100792e-06,0.0006764713,0.27694848,0.00018279406
194,3.3221636e-06,0.02979387,0.0010421586,0.691351,1.9100792e-06,0.0006764713,0.27694848,0.00018279406
195,4.323789e-07,0.031283807,0.0007148899,0.6630927,2.2252075e-07,0.00034206745,0.3045134,5.2561e-05
196,0.00034746304,0.03257613,0.0032714943,0.7757971,0.00014430504,0.0022115423,0.17606746,0.009584585
197,9.91081e-06,0.039495714,0.0014181797,0.74760914,3.9100732e-06,0.00067416584,0.20982064,0.00096843526
198,0.00042348856,0.027761288,0.007997306,0.7369537,8.40478e-05,0.0011564242,0.17044203,0.055181805
199,0.025294263,0.02212213,0.006214897,0.69016266,0.014354234,0.008005,0.12502481,0.10882211
200,0.054896794,0.022939222,0.0052381684,0.6564893,0.040977046,0.013494033,0.12480887,0.081156574
201,9.91081e-06,0.039495714,0.0014181797,0.74760914,3.9100732e-06,0.00067416584,0.20982064,0.00096843526
202,0.025294263,0.02212213,0.006214897,0.69016266,0.014354234,0.008005,0.12502481,0.10882211
203,0.054896794,0.022939222,0.0052381684,0.6564893,0.040977046,0.013494033,0.12480887,0.081156574
204,0.020878743,0.022487206,0.0064066406,0.6960484,0.01117735,0.0073113577,0.12774973,0.10794067
205,0.025645457,0.022232728,0.0060906573,0.6926914,0.014843676,0.008197297,0.12518148,0.10511722
206,0.018386394,0.022576524,0.0066056163,0.69704175,0.0093541285,0.0067515094,0.12910908,0.11017497
207,0.035508975,0.022379905,0.0050291405,0.69195515,0.026039692,0.010409506,0.12331886,0.08535882
208,9.91081e-06,0.039495714,0.0014181797,0.74760914,3.9100732e-06,0.00067416584,0.20982064,0.00096843526
209,0.054896794,0.022939222,0.0052381684,0.6564893,0.040977046,0.013494033,0.12480887,0.081156574
210,6.111185e-05,0.036351837,0.001858828,0.7623852,2.9242365e-05,0.0012959483,0.19554858,0.002469201
211,9.91081e-06,0.039495714,0.0014181797,0.74760914,3.9100732e-06,0.00067416584,0.20982064,0.00096843526
212,4.323789e-07,0.031283807,0.0007148899,0.6630927,2.2252075e-07,0.00034206745,0.3045134,5.2561e-05
213,9.91081e-06,0.039495714,0.0014181797,0.74760914,3.9100732e-06,0.00067416584,0.20982064,0.00096843526
214,0.0008406597,0.02638598,0.008477825,0.7262088,0.00018406534,0.001481807,0.16243434,0.07398651
215,0.000503374,0.02746915,0.008069075,0.7353289,0.00010294498,0.0012387345,0.1685648,0.05872295
216,0.000503374,0.02746915,0.008069075,0.7353289,0.00010294498,0.0012387345,0.1685648,0.05872295
217,0.0195843,0.02227442,0.0067237765,0.6907087,0.009937178,0.006818028,0.12771526,0.11623831
218,0.00044093828,0.027543617,0.008194145,0.73439837,8.649869e-05,0.001151295,0.16977996,0.058405224
219,0.02496519,0.022243226,0.0061504417,0.69271374,0.014262901,0.008048286,0.12546724,0.10614906
220,0.018386394,0.022576524,0.0066056163,0.69704175,0.0093541285,0.0067515094,0.12910908,0.11017497
221,0.022690702,0.022482375,0.0062130173,0.6967008,0.012659454,0.0077528553,0.1269774,0.10452344
222,0.02496519,0.022243226,0.0061504417,0.69271374,0.014262901,0.008048286,0.12546724,0.10614906
223,0.022690702,0.022482375,0.0062130173,0.6967008,0.012659454,0.0077528553,0.1269774,0.10452344
224,0.1439467,0.014106216,0.004640141,0.47729248,0.12562396,0.014694662,0.077697165,0.14199865
225,6.111185e-05,0.036351837,0.001858828,0.7623852,2.9242365e-05,0.0012959483,0.19554858,0.002469201
226,0.1439467,0.014106216,0.004640141,0.47729248,0.12562396,0.014694662,0.077697165,0.14199865
227,4.323789e-07,0.031283807,0.0007148899,0.6630927,2.2252075e-07,0.00034206745,0.3045134,5.2561e-05
228,0.1439467,0.014106216,0.004640141,0.47729248,0.12562396,0.014694662,0.077697165,0.14199865
229,6.111185e-05,0.036351837,0.001858828,0.7623852,2.9242365e-05,0.0012959483,0.19554858,0.002469201
230,0.1439467,0.014106216,0.004640141,0.47729248,0.12562396,0.014694662,0.077697165,0.14199865
231,0.1439467,0.014106216,0.004640141,0.47729248,0.12562396,0.014694662,0.077697165,0.14199865
232,0.027062776,0.022135098,0.005980899,0.6919635,0.015990658,0.008382365,0.12442525,0.10405948
233,0.027062776,0.022135098,0.005980899,0.6919635,0.015990658,0.008382365,0.12442525,0.10405948
234,0.027062776,0.022135098,0.005980899,0.6919635,0.015990658,0.008382365,0.12442525,0.10405948
235,0.027062776,0.022135098,0.005980899,0.6919635,0.015990658,0.008382365,0.12442525,0.10405948
236,0.027062776,0.022135098,0.005980899,0.6919635,0.015990658,0.008382365,0.12442525,0.10405948
237,0.1439467,0.014106216,0.004640141,0.47729248,0.12562396,0.014694662,0.077697165,0.14199865
238,0.1439467,0.014106216,0.004640141,0.47729248,0.12562396,0.014694662,0.077697165,0.14199865
239,0.027062776,0.022135098,0.005980899,0.6919635,0.015990658,0.008382365,0.12442525,0.10405948
240,1.1367472e-08,0.0,0.00015900891,0.0,0.0,0.999841,1.1611149e-08,0.0
241,9.1426145e-06,0.0,0.0031819607,0.0,0.0,0.99680626,2.6766047e-06,0.0
242,0.0015944963,0.0,0.0045534,0.0,0.0,0.9937928,5.9350106e-05,0.0
243,0.0013969932,0.0,0.004534389,0.0,0.0,0.9940135,5.508773e-05,0.0
244,0.0012787298,0.0,0.003882214,0.0,0.0,0.99479127,4.7829843e-05,0.0
245,0.001515955,0.0,0.0047211614,0.0,0.0,0.9937038,5.903005e-05,0.0
246,0.00051687943,0.0,0.0030257516,0.0,0.0,0.99643433,2.3007795e-05,0.0
247,0.0004303596,0.0,0.0035562313,0.0,0.0,0.9959906,2.28434e-05,0.0
248,0.0016197419,0.0,0.01098459,0.0,0.0,0.98724467,0.00015103062,0.0
249,0.0003171799,0.0,0.0028760508,0.0,0.0,0.99678963,1.7092492e-05,0.0
250,0.000982178,0.0,0.0030119754,0.0,0.0,0.9959735,3.232891e-05,0.0
251,4.238699e-08,0.0,0.0015237062,0.0,0.0,0.9984761,1.2038412e-07,0.0
252,2.2805496e-08,0.0,0.001623634,0.0,0.0,0.9983759,4.723127e-07,0.0
253,8.2908585e-08,0.0,0.0015972669,0.0,0.0,0.9984024,2.9053638e-07,0.0
254,0.057760336,5.3436344e-30,0.004112477,0.0,0.0,0.93773997,0.0003872505,0.0
255,0.22976191,5.896002e-25,0.0042978055,0.0,0.0,0.7645325,0.0014077664,0.0
256,0.0006832915,0.0,0.0031455818,0.0,0.0,0.9961437,2.7375694e-05,0.0
257,0.00034437358,0.0,0.0059243347,0.0,0.0,0.99370086,3.0393512e-05,0.0
258,1.3129906e-05,0.0,0.000807733,0.0,0.0,0.999178,1.0831925e-06,0.0
259,2.2805931e-08,0.0,0.001623634,0.0,0.0,0.9983759,4.723145e-07,0.0
260,0.057760336,5.3436344e-30,0.004112477,0.0,0.0,0.93773997,0.0003872505,0.0
261,0.07487953,4.059164e-29,0.0037565546,0.0,0.0,0.92089385,0.00047008396,0.0
262,0.057756603,5.3410066e-30,0.004112478,0.0,0.0,0.9377437,0.0003872284,0.0
263,0.029494068,3.5666476e-31,0.0023861697,0.0,0.0,0.96791893,0.00020082442,0.0
264,0.04467511,1.32609765e-30,0.0032305433,0.0,0.0,0.951806,0.00028833168,0.0
265,0.22976191,5.896002e-25,0.0042978055,0.0,0.0,0.7645325,0.0014077664,0.0
266,0.10356789,1.2312676e-27,0.0030496635,0.0,0.0,0.8927706,0.0006118424,0.0
267,0.07487953,4.059164e-29,0.0037565546,0.0,0.0,0.92089385,0.00047008396,0.0
268,0.07487953,4.059164e-29,0.0037565546,0.0,0.0,0.92089385,0.00047008396,0.0
269,0.04278245,1.306401e-30,0.0030577788,0.0,0.0,0.9538821,0.00027765334,0.0
270,0.001366491,0.0,0.0097460775,0.0,0.0,0.9887828,0.00010460711,0.0
271,0.13624047,5.7592786e-27,0.0034256696,0.0,0.0,0.85954356,0.0007902782,0.0
272,0.000750706,0.0,0.0025906733,0.0,0.0,0.99663323,2.5444033e-05,0.0
273,0.0019266058,7.331941e-38,0.0039278553,0.0,0.0,0.9940853,6.0227074e-05,0.0
274,0.029494068,3.5666476e-31,0.0023861697,0.0,0.0,0.96791893,0.00020082442,0.0
275,0.03948102,5.166594e-31,0.0031918825,0.0,0.0,0.95707047,0.00025661575,0.0
276,0.00069645076,0.0,0.0033344147,0.0,0.0,0.99594057,2.859601e-05,0.0
277,1.3129906e-05,0.0,0.000807733,0.0,0.0,0.999178,1.0831925e-06,0.0
278,0.13624047,5.7592786e-27,0.0034256696,0.0,0.0,0.85954356,0.0007902782,0.0
279,0.13624182,5.7599068e-27,0.0034256643,0.0,0.0,0.85954225,0.00079028605,0.0
280,0.0012798455,3.3190629e-38,0.0023104744,0.0,0.0,0.9963774,3.226094e-05,0.0
281,6.0171136e-05,0.0,0.0075424965,0.0,0.0,0.9923516,4.5702505e-05,0.0
282,0.07487953,4.059164e-29,0.0037565546,0.0,0.0,0.92089385,0.00047008396,0.0
283,0.029494068,3.5666476e-31,0.0023861697,0.0,0.0,0.96791893,0.00020082442,0.0
284,0.03948102,5.166594e-31,0.0031918825,0.0,0.0,0.95707047,0.00025661575,0.0
285,0.11099489,1.8572804e-27,0.0031272199,0.0,0.0,0.88522595,0.0006519597,0.0
286,0.13624047,5.7592786e-27,0.0034256696,0.0,0.0,0.85954356,0.0007902782,0.0
287,0.12742364,4.263579e-27,0.003283362,0.0,0.0,0.86855316,0.0007398517,0.0
288,6.0171136e-05,0.0,0.0075424965,0.0,0.0,0.9923516,4.5702505e-05,0.0
289,0.07487953,4.059164e-29,0.0037565546,0.0,0.0,0.92089385,0.00047008396,0.0
290,0.029494068,3.5666476e-31,0.0023861697,0.0,0.0,0.96791893,0.00020082442,0.0
291,0.029491778,3.5655953e-31,0.0023860757,0.0,0.0,0.9679213,0.00020081113,0.0
292,0.00044456247,0.0,0.0033992182,0.0,0.0,0.9961337,2.2506038e-05,0.0
293,0.001366491,0.0,0.0097460775,0.0,0.0,0.9887828,0.00010460711,0.0
294,0.12728435,3.8021478e-27,0.003346094,0.0,0.0,0.868627,0.00074252725,0.0
295,0.13624047,5.7592786e-27,0.0034256696,0.0,0.0,0.85954356,0.0007902782,0.0
296,0.13624182,5.7599068e-27,0.0034256643,0.0,0.0,0.85954225,0.00079028605,0.0
297,0.30975896,2.8508309e-24,0.020631474,0.0,0.0,0.66344535,0.006164294,0.0
298,6.6192974e-06,0.0,0.0031879104,0.0,0.0,0.9968014,4.0250966e-06,0.0
299,3.4914044e-07,0.0,0.0013921929,0.0,0.0,0.9986072,3.0920333e-07,0.0
300,1.4665283e-08,0.0,0.0014426945,0.0,0.0,0.99855703,3.0407278e-07,0.0
301,0.00027993225,0.0,0.0029728708,0.0,0.0,0.99673104,1.6126742e-05,0.0
302,2.3359962e-06,0.0,0.00235914,0.0,0.0,0.99763703,1.553191e-06,0.0
303,4.5488964e-06,0.0,0.0027899325,0.0,0.0,0.9972029,2.6581702e-06,0.0
304,0.04057785,4.926715e-31,0.0040574735,0.0,0.0,0.95507675,0.00028799672,0.0
305,0.029491778,3.5655953e-31,0.0023860757,0.0,0.0,0.9679213,0.00020081113,0.0
306,0.04278245,1.306401e-30,0.0030577788,0.0,0.0,0.9538821,0.00027765334,0.0
307,0.00028072952,0.0,0.0032694915,0.0,0.0,0.9964328,1.704081e-05,0.0
308,2.2805931e-08,0.0,0.001623634,0.0,0.0,0.9983759,4.723145e-07,0.0
309,0.0012798455,3.3190629e-38,0.0023104744,0.0,0.0,0.9963774,3.226094e-05,0.0
310,6.0171136e-05,0.0,0.0075424965,0.0,0.0,0.9923516,4.5702505e-05,0.0
311,0.9998776,6.8589316e-23,4.671224e-12,0.0,0.0,0.00010592826,1.6438493e-05,0.0
312,0.07487953,4.059164e-29,0.0037565546,0.0,0.0,0.92089385,0.00047008396,0.0
313,0.07002882,2.819501e-29,0.00363969,0.0,0.0,0.9258896,0.00044191183,0.0
314,0.040578738,4.927687e-31,0.0040574535,0.0,0.0,0.95507574,0.0002880019,0.0
315,0.03948102,5.166594e-31,0.0031918825,0.0,0.0,0.95707047,0.00025661575,0.0
316,0.04278245,1.306401e-30,0.0030577788,0.0,0.0,0.9538821,0.00027765334,0.0
317,0.0018651882,0.0,0.006220823,0.0,0.0,0.9918358,7.813554e-05,0.0
318,0.0012798455,3.3190629e-38,0.0023104744,0.0,0.0,0.9963774,3.226094e-05,0.0
319,0.00039545778,0.0,0.0023363617,0.0,0.0,0.99725133,1.6901377e-05,0.0
320,0.30975896,2.8508309e-24,0.020631474,0.0,0.0,0.66344535,0.006164294,0.0
321,0.04057785,4.926715e-31,0.0040574735,0.0,0.0,0.95507675,0.00028799672,0.0
322,0.07487953,4.059164e-29,0.0037565546,0.0,0.0,0.92089385,0.00047008396,0.0
323,0.04278245,1.306401e-30,0.0030577788,0.0,0.0,0.9538821,0.00027765334,0.0
324,0.00028072952,0.0,0.0032694915,0.0,0.0,0.9964328,1.704081e-05,0.0
325,0.0006832915,0.0,0.0031455818,0.0,0.0,0.9961437,2.7375694e-05,0.0
326,0.13624047,5.7592786e-27,0.0034256696,0.0,0.0,0.85954356,0.0007902782,0.0
327,0.13624182,5.7599068e-27,0.0034256643,0.0,0.0,0.85954225,0.00079028605,0.0
328,0.30975896,2.8508309e-24,0.020631474,0.0,0.0,0.66344535,0.006164294,0.0
329,0.011850362,3.8927924e-33,0.0021772787,0.0,0.0,0.9858656,0.000106757194,0.0
330,0.07229243,2.7209427e-29,0.0038041975,0.0,0.0,0.9234504,0.0004529207,0.0
331,0.00069646677,0.0,0.0033344019,0.0,0.0,0.99594057,2.8596338e-05,0.0
332,0.0012798553,3.3190629e-38,0.0023104744,0.0,0.0,0.9963774,3.2261065e-05,0.0
333,8.882964e-08,0.0,0.0020758603,0.0,0.0,0.9979232,8.9418864e-07,0.0
334,2.874993e-08,0.0,0.0017437492,0.0,0.0,0.99825555,6.83476e-07,0.0
335,9.396402e-06,0.0,0.0018253694,0.0,0.0,0.99816316,2.0490058e-06,0.0
336,4.770114e-05,0.0,0.008497722,0.0,0.0,0.9913653,8.926819e-05,0.0
337,3.5574462e-07,0.0,0.0030548072,0.0,0.0,0.99694127,3.5925236e-06,0.0
338,3.5574462e-07,0.0,0.0030548072,0.0,0.0,0.99694127,3.59251e-06,0.0
339,4.770114e-05,0.0,0.008497722,0.0,0.0,0.9913653,8.926819e-05,0.0
340,3.2459863e-07,0.0,0.0030458868,0.0,0.0,0.9969503,3.5143316e-06,0.0
341,4.45721e-05,0.0,0.2197747,0.0,0.0,0.77999425,0.00018650372,0.0
342,3.55727e-07,0.0,0.0030547609,0.0,0.0,0.99694127,3.59251e-06,0.0
343,0.122065544,4.894427e-25,0.05224511,9.373255e-36,7.5362706e-38,0.80004954,0.025639823,0.0
344,0.01075699,2.6025433e-35,0.023234144,0.0,0.0,0.96373826,0.0022705959,0.0
345,0.54557353,1.754419e-17,0.0443339,9.5058756e-27,1.3391837e-26,0.361894,0.048198495,6.90552e-37
346,0.4386721,1.6099513e-19,0.10903127,7.064854e-25,2.808609e-24,0.39164713,0.060649462,1.6446525e-32
347,8.749853e-05,0.0,0.009503828,0.0,0.0,0.99037886,2.9824889e-05,0.0
348,0.0022932354,0.0,0.010602074,0.0,0.0,0.98700607,9.859993e-05,0.0
349,0.0028107923,0.0,0.010880441,0.0,0.0,0.98619694,0.00011178464,0.0
350,8.749853e-05,0.0,0.009503828,0.0,0.0,0.99037886,2.9824889e-05,0.0
351,8.749853e-05,0.0,0.009503828,0.0,0.0,0.99037886,2.9824889e-05,0.0
352,2.5487745e-05,0.0,0.00022465171,0.0,0.0,0.99974793,1.8815354e-06,0.0
353,0.28775555,4.747204e-15,0.26366827,1.0768038e-15,2.0961212e-16,0.19412297,0.25445318,2.1487163e-20
354,2.0252271e-07,0.0,0.0020749276,0.0,0.0,0.99792385,9.4550825e-07,0.0
355,4.6602295e-07,0.0,0.0022448956,0.0,0.0,0.9977538,8.8930886e-07,0.0
356,4.6602295e-07,0.0,0.0022448956,0.0,0.0,0.9977538,8.8930886e-07,0.0
357,1.1731099e-07,0.0,0.0020934858,0.0,0.0,0.9979056,7.646895e-07,0.0
358,0.4839672,7.01675e-22,0.018163549,0.0,0.0,0.48891056,0.008958638,0.0
359,0.48520324,7.356609e-22,0.018254137,0.0,0.0,0.4874973,0.009045317,0.0
360,0.42275006,5.5951165e-23,0.018650774,0.0,0.0,0.5513059,0.0072933077,0.0
361,0.10883047,0.016757749,0.004574775,0.5537871,0.09633156,0.015074223,0.09098953,0.113654606
362,0.10883047,0.016757749,0.004574775,0.5537871,0.09633156,0.015074223,0.09098953,0.113654606
363,0.10883047,0.016757749,0.004574775,0.5537871,0.09633156,0.015074223,0.09098953,0.113654606
364,0.078919776,0.024122452,0.005580835,0.61211646,0.057435468,0.01652051,0.1309777,0.07432677
365,0.22678494,0.021930357,0.006021423,0.39924344,0.13851418,0.022567647,0.118907064,0.06603094
366,3.9882524e-12,0.0,0.72905064,0.0,0.0,0.27094945,9.248427e-09,0.0
367,0.002679641,0.0,0.028506262,0.0,0.0,0.9682179,0.0005962278,0.0
368,0.003395038,0.0,0.029997375,0.0,0.0,0.9658761,0.00073143013,0.0
369,4.2121914e-11,0.0,3.4214015e-06,0.0,0.0,0.99999654,3.053237e-10,0.0
370,0.014312163,1.9435217e-28,0.1911301,0.0,0.0,0.7838464,0.010711365,0.0
371,4.2121914e-11,0.0,3.4214015e-06,0.0,0.0,0.99999654,3.053237e-10,0.0
372,0.40172333,1.5086271e-09,0.045759644,5.615977e-08,2.2667292e-11,0.00406486,0.54845214,6.7328654e-15
373,0.014312163,1.9435217e-28,0.1911301,0.0,0.0,0.7838464,0.010711365,0.0
374,0.0,1.0,0.0,0.0,0.0,0.0,1.230696e-09,0.0
375,0.0,1.0,0.0,0.0,0.0,0.0,1.3549414e-12,0.0
376,0.0,1.0,0.0,0.0,0.0,0.0,1.3549414e-12,0.0
377,0.0,1.0,0.0,0.0,0.0,0.0,8.1808865e-12,0.0
378,8.806597e-30,0.99992573,0.0,0.0,0.0,1.7321663e-28,7.4311414e-05,0.0
379,1.5844217e-37,0.9999989,0.0,0.0,0.0,2.4625446e-36,1.1018813e-06,0.0
380,5.333473e-35,0.99999774,0.0,0.0,0.0,3.450691e-34,2.2106271e-06,0.0
381,5.333473e-35,0.99999774,0.0,0.0,0.0,3.450691e-34,2.2106271e-06,0.0
382,0.0,0.9999933,0.0,0.0,0.0,1.0936636e-35,6.6330003e-06,0.0
383,1.5844217e-37,0.9999989,0.0,0.0,0.0,2.4625446e-36,1.1018813e-06,0.0
384,5.333473e-35,0.99999774,0.0,0.0,0.0,3.450691e-34,2.2106271e-06,0.0
385,0.0,1.0,0.0,0.0,0.0,0.0,1.491234e-09,0.0
386,0.0,0.9999999,0.0,0.0,0.0,0.0,1.1309117e-07,0.0
387,0.0,1.0,0.0,0.0,0.0,0.0,1.230696e-09,0.0
388,0.0,0.99999917,0.0,0.0,0.0,2.2057855e-37,8.7965674e-07,0.0
389,0.0,0.99999964,0.0,0.0,0.0,0.0,3.1754485e-07,0.0
390,0.0,0.99999917,0.0,0.0,0.0,1.8318581e-37,8.5061095e-07,0.0
391,0.0,1.0,0.0,0.0,0.0,0.0,9.937821e-09,0.0
392,0.0,1.0,0.0,0.0,0.0,0.0,2.9781338e-08,0.0
393,0.0,1.0,0.0,0.0,0.0,0.0,1.0594182e-08,0.0
394,0.0,1.0,0.0,0.0,0.0,0.0,1.6247874e-10,0.0
395,0.0,0.9999993,0.0,0.0,0.0,5.98751e-38,6.945664e-07,0.0
396,0.0,0.9999993,0.0,0.0,0.0,5.98751e-38,6.945664e-07,0.0
397,0.0,0.99999917,0.0,0.0,0.0,2.2066944e-37,8.7981783e-07,0.0
398,0.0,0.9999993,0.0,0.0,0.0,5.98751e-38,6.945664e-07,0.0
399,0.0,0.9999993,0.0,0.0,0.0,5.98751e-38,6.945664e-07,0.0
400,0.0,0.9999999,0.0,0.0,0.0,0.0,1.1309117e-07,0.0
401,0.0,1.0,0.0,0.0,0.0,0.0,2.1142313e-08,0.0
402,0.0,0.9999999,0.0,0.0,0.0,0.0,1.1309117e-07,0.0
403,0.0,0.9999999,0.0,0.0,0.0,0.0,1.1309117e-07,0.0
404,0.0,0.9999999,0.0,0.0,0.0,0.0,1.1309117e-07,0.0
405,0.0,0.9999999,0.0,0.0,0.0,0.0,1.1309117e-07,0.0
406,0.0,0.9999999,0.0,0.0,0.0,0.0,1.1309117e-07,0.0
407,0.0,0.9999999,0.0,0.0,0.0,0.0,1.1309117e-07,0.0
408,9.54917e-31,0.22664033,4.156758e-09,8.897048e-06,8.8901513e-38,4.1163934e-13,0.7733507,1.1040094e-25
409,9.54917e-31,0.22664033,4.156758e-09,8.897048e-06,8.8901513e-38,4.1163934e-13,0.7733507,1.1040094e-25
410,0.0,0.99999964,0.0,0.0,0.0,0.0,2.9949385e-07,0.0
411,0.0,0.9999993,0.0,0.0,0.0,5.98751e-38,6.945664e-07,0.0
412,0.0,0.99999964,0.0,0.0,0.0,0.0,3.1754485e-07,0.0
413,0.0,0.99999964,0.0,0.0,0.0,0.0,3.1754485e-07,0.0
414,0.0,0.9999993,0.0,0.0,0.0,5.98751e-38,6.945664e-07,0.0
415,0.0,0.9999993,0.0,0.0,0.0,5.98751e-38,6.945664e-07,0.0
416,0.0,0.9999993,0.0,0.0,0.0,5.98751e-38,6.945664e-07,0.0
417,0.0,0.9999993,0.0,0.0,0.0,5.98751e-38,6.945664e-07,0.0
418,0.0,0.99999964,0.0,0.0,0.0,0.0,3.1754485e-07,0.0
419,0.0,0.9999993,0.0,0.0,0.0,5.98751e-38,6.945664e-07,0.0
420,0.0,0.9999993,0.0,0.0,0.0,5.98751e-38,6.945664e-07,0.0
421,0.0,0.9999993,0.0,0.0,0.0,5.98751e-38,6.945664e-07,0.0
422,0.0,0.9999993,0.0,0.0,0.0,5.98751e-38,6.945664e-07,0.0
423,0.0,1.0,0.0,0.0,0.0,0.0,3.5524415e-08,0.0
424,0.0,1.0,0.0,0.0,0.0,0.0,3.5524415e-08,0.0
425,0.0,1.0,0.0,0.0,0.0,0.0,2.4299485e-09,0.0
426,0.0,1.0,0.0,0.0,0.0,0.0,2.4299485e-09,0.0
427,0.0,1.0,0.0,0.0,0.0,0.0,2.4299485e-09,0.0
428,0.99360996,7.745838e-07,6.933653e-10,0.0,0.0,0.003098922,0.0032903778,0.0
429,0.99351776,8.449237e-07,7.255677e-10,0.0,0.0,0.0031230925,0.0033583564,0.0
430,0.9997911,4.0073136e-12,4.290888e-16,0.0,0.0,0.00017571628,3.3308843e-05,0.0
431,0.99351776,8.449237e-07,7.255677e-10,0.0,0.0,0.0031230925,0.0033583564,0.0
432,0.7583385,3.1697742e-05,0.011691404,9.920272e-10,5.6064806e-09,0.0870919,0.1428465,1.851583e-14
433,0.9813138,4.6621222e-05,3.0986563e-08,0.0,0.0,0.0063531487,0.012286419,0.0
434,0.9103694,0.0005931792,2.1213835e-05,2.774001e-25,6.5960435e-27,0.022500614,0.06651559,0.0
435,0.9156247,0.00047077308,1.7204058e-05,3.693235e-26,8.64414e-28,0.021680202,0.062207155,0.0
436,0.91036934,0.0005931792,2.1213957e-05,2.7741068e-25,6.5962954e-27,0.022500612,0.066515714,0.0
437,0.9969258,6.621835e-08,3.913063e-11,0.0,0.0,0.0017526894,0.0013213803,0.0
438,0.91036934,0.0005931792,2.1213957e-05,2.7741068e-25,6.5962954e-27,0.022500612,0.066515714,0.0
439,0.9995271,9.515992e-11,1.729587e-14,0.0,0.0,0.00036199865,0.00011098438,0.0
440,0.99342257,9.218804e-07,7.5995316e-10,0.0,0.0,0.003148054,0.0034285139,0.0
441,0.9995845,4.9896177e-11,9.824712e-15,0.0,0.0,0.00032533266,9.021695e-05,0.0
442,0.9928964,1.4312944e-06,9.725443e-10,0.0,0.0,0.0032861335,0.00381607,0.0
443,0.8066261,8.741274e-05,0.002733267,1.0227286e-12,1.2339944e-12,0.072872415,0.1176808,4.794814e-20
444,0.99326867,3.1447962e-09,2.7312355e-09,0.0,0.0,0.0047044633,0.0020269412,0.0
445,0.8871118,5.2894443e-06,0.00046145258,2.5480378e-21,1.0659598e-20,0.0541297,0.05829181,9.4238033e-35
446,0.99351776,8.449237e-07,7.255677e-10,0.0,0.0,0.0031230925,0.0033583564,0.0
447,0.93722194,0.0002290967,6.3695293e-06,7.4379443e-31,2.0223256e-33,0.019164745,0.0433778,0.0
448,0.96332556,3.6677976e-09,6.7578935e-06,0.0,0.0,0.027136302,0.009531409,0.0
449,0.78930783,0.00022449161,0.0026439673,8.367036e-12,1.9578334e-12,0.06913184,0.13869196,8.5586305e-19
450,0.88713336,5.3012286e-06,0.00046072327,2.5356012e-21,1.0584691e-20,0.05410542,0.05829523,9.3104743e-35
451,0.9996101,3.6147682e-11,7.417573e-15,0.0,0.0,0.00030853468,8.137334e-05,0.0
452,0.9311956,0.00016183905,1.1336431e-05,3.2199957e-29,3.136894e-31,0.021652555,0.046978686,0.0
453,0.9654538,7.636755e-09,4.9259106e-06,0.0,0.0,0.024514532,0.010026797,0.0
454,0.99351776,8.4492046e-07,7.2555395e-10,0.0,0.0,0.0031230925,0.0033583308,0.0
455,0.9627449,3.0538867e-09,7.3165206e-06,0.0,0.0,0.02783577,0.00941201,0.0
456,0.9654538,7.636755e-09,4.9259106e-06,0.0,0.0,0.024514532,0.010026797,0.0
457,0.88352364,3.7031584e-06,0.00059387577,5.5645676e-21,3.284158e-20,0.058152396,0.05772638,6.527446e-34
458,0.88352364,3.7031584e-06,0.00059387577,5.5645676e-21,3.284158e-20,0.058152396,0.05772638,6.527446e-34
459,0.9996101,3.6147682e-11,7.417573e-15,0.0,0.0,0.00030853468,8.137334e-05,0.0
460,0.9995567,6.88952e-11,1.3027586e-14,0.0,0.0,0.0003431308,0.00010004969,0.0
461,0.9654538,7.637133e-09,4.9257787e-06,0.0,0.0,0.024514344,0.010026816,0.0
462,0.9311956,0.00016183905,1.1336431e-05,3.2199957e-29,3.136894e-31,0.021652555,0.046978686,0.0
463,0.9399858,0.00027261686,4.7876556e-06,1.1574329e-31,1.6695516e-34,0.018036498,0.04170034,0.0
464,0.9654538,7.636755e-09,4.9259106e-06,0.0,0.0,0.024514532,0.010026797,0.0
465,0.9936644,4.077274e-09,2.0078148e-09,0.0,0.0,0.0043569366,0.0019786388,0.0
466,0.9311956,0.00016183905,1.1336431e-05,3.2199957e-29,3.136894e-31,0.021652555,0.046978686,0.0
467,0.9627449,3.0538867e-09,7.3165206e-06,0.0,0.0,0.02783577,0.00941201,0.0
468,0.9871035,2.2720128e-08,3.3463856e-08,0.0,0.0,0.00812819,0.0047682296,0.0
469,0.9996101,3.6147682e-11,7.417573e-15,0.0,0.0,0.00030853468,8.137334e-05,0.0
470,0.9995567,6.88952e-11,1.3027586e-14,0.0,0.0,0.0003431308,0.00010004969,0.0
471,0.9996457,1.884283e-11,4.6806384e-15,0.0,0.0,0.00028555523,6.879886e-05,0.0
472,0.9945312,2.772609e-07,4.2604534e-10,0.0,0.0,0.002857061,0.0026114257,0.0
473,0.96546537,2.0874832e-05,7.488701e-07,0.0,0.0,0.012716814,0.021796202,0.0
474,0.9899009,8.834517e-06,3.0030376e-09,0.0,0.0,0.0039111576,0.0061791292,0.0
475,0.9996339,2.6194621e-11,5.6062214e-15,0.0,0.0,0.00029266826,7.341499e-05,0.0
476,0.9988047,1.3458408e-13,8.8260757e-13,0.0,0.0,0.00109852,9.6853815e-05,0.0
477,0.99980634,1.7170594e-13,2.6565804e-16,0.0,0.0,0.00017445929,1.922847e-05,0.0
478,0.981832,4.3585314e-05,2.7798583e-08,0.0,0.0,0.006218156,0.011906221,0.0
479,0.99702877,5.7673244e-08,3.4283805e-11,0.0,0.0,0.0017105287,0.0012607067,0.0
480,0.99702877,5.7673244e-08,3.4283805e-11,0.0,0.0,0.0017105287,0.0012607067,0.0
481,0.99702877,5.7673244e-08,3.4283805e-11,0.0,0.0,0.0017105287,0.0012607067,0.0
482,0.92784697,0.00011631737,1.48123145e-05,2.5584323e-28,7.749055e-30,0.022562996,0.04945896,0.0
483,0.99490863,1.6513153e-06,2.0223809e-10,0.0,0.0,0.0022576435,0.002832119,0.0
484,0.9993625,6.6202105e-10,5.885655e-14,0.0,0.0,0.00044935232,0.00018809411,0.0
485,0.94736207,1.1865023e-05,7.4239924e-06,4.449654e-33,2.090376e-34,0.021359295,0.031259384,0.0
486,0.9654538,7.636755e-09,4.9259106e-06,0.0,0.0,0.024514532,0.010026797,0.0
487,0.98344177,0.0020016085,2.578485e-09,0.0,0.0,0.0035022546,0.0110543175,0.0
488,0.9627449,3.0538867e-09,7.3165206e-06,0.0,0.0,0.02783577,0.00941201,0.0
489,0.9654538,7.636755e-09,4.9259106e-06,0.0,0.0,0.024514532,0.010026797,0.0
490,0.9654538,7.636755e-09,4.9259106e-06,0.0,0.0,0.024514532,0.010026797,0.0
491,0.98820543,1.2785135e-11,3.9644977e-08,0.0,0.0,0.010235014,0.0015595099,0.0
492,0.9999815,6.1046316e-16,1.0184345e-20,0.0,0.0,1.6890786e-05,1.5658704e-06,0.0
493,0.9944982,2.4949574e-07,4.4759044e-10,0.0,0.0,0.0028880308,0.0026135214,0.0
494,0.9871035,2.2720128e-08,3.3463856e-08,0.0,0.0,0.00812819,0.0047682296,0.0
495,0.98622316,0.0011617052,1.7211986e-09,0.0,0.0,0.0032751919,0.009340017,0.0
496,0.88352364,3.7031584e-06,0.00059387577,5.5645676e-21,3.284158e-20,0.058152396,0.05772638,6.527446e-34
497,0.9399858,0.00027261686,4.7876556e-06,1.1574329e-31,1.6695516e-34,0.018036498,0.04170034,0.0
498,0.9826788,1.5155561e-05,3.544544e-08,0.0,0.0,0.007037376,0.010268619,0.0
499,0.9862233,0.0011616765,1.7211693e-09,0.0,0.0,0.0032751735,0.009339894,0.0
500,0.88879395,6.3212456e-06,0.0004068242,1.7274766e-21,6.085312e-21,0.05222058,0.0585723,3.5935936e-35
501,0.9982509,5.2330313e-09,4.2766936e-12,0.0,0.0,0.0011669605,0.0005821604,0.0
502,0.99351776,8.449237e-07,7.255677e-10,0.0,0.0,0.0031230925,0.0033583564,0.0
503,0.9812723,2.678226e-09,2.5589006e-07,0.0,0.0,0.013970105,0.0047573973,0.0
504,0.98820543,1.2785135e-11,3.9644977e-08,0.0,0.0,0.010235014,0.0015595099,0.0
505,0.98820543,1.2785135e-11,3.9644977e-08,0.0,0.0,0.010235014,0.0015595099,0.0
506,0.9999902,1.4570536e-16,8.302179e-22,0.0,0.0,8.959627e-06,8.6621606e-07,0.0
507,0.9996339,2.6194621e-11,5.6062214e-15,0.0,0.0,0.00029266826,7.341499e-05,0.0
508,0.9826788,1.5155561e-05,3.544544e-08,0.0,0.0,0.007037376,0.010268619,0.0
509,0.99342257,9.218769e-07,7.599502e-10,0.0,0.0,0.003148042,0.0034285008,0.0
510,0.9311956,0.00016183905,1.1336431e-05,3.2199957e-29,3.136894e-31,0.021652555,0.046978686,0.0
511,0.9812723,2.678226e-09,2.5589006e-07,0.0,0.0,0.013970105,0.0047573973,0.0
512,0.9627449,3.0538867e-09,7.3165206e-06,0.0,0.0,0.02783577,0.00941201,0.0
513,0.98820543,1.2785135e-11,3.9644977e-08,0.0,0.0,0.010235014,0.0015595099,0.0
514,0.98820543,1.2785135e-11,3.9644977e-08,0.0,0.0,0.010235014,0.0015595099,0.0
515,0.9998667,1.9156923e-13,4.5089857e-17,0.0,0.0,0.000117933356,1.5323481e-05,0.0
516,0.98622316,0.0011617052,1.7211986e-09,0.0,0.0,0.0032751919,0.009340017,0.0
517,0.9996101,3.6147682e-11,7.417573e-15,0.0,0.0,0.00030853468,8.137334e-05,0.0
518,0.9996351,2.5768285e-11,5.5268544e-15,0.0,0.0,0.00029188592,7.303129e-05,0.0
519,0.9996101,3.6147266e-11,7.417489e-15,0.0,0.0,0.00030853352,8.1373655e-05,0.0
520,0.99342257,9.218769e-07,7.5993867e-10,0.0,0.0,0.003148042,0.0034284876,0.0
521,0.9654538,7.637133e-09,4.9257787e-06,0.0,0.0,0.024514344,0.010026816,0.0
522,0.9311956,0.00016183905,1.1336431e-05,3.2199957e-29,3.136894e-31,0.021652555,0.046978686,0.0
523,0.9982547,5.7049623e-09,4.1867343e-12,0.0,0.0,0.0011596341,0.00058555475,0.0
524,0.9995271,9.515992e-11,1.729587e-14,0.0,0.0,0.00036199865,0.00011098438,0.0
525,0.99342257,9.218734e-07,7.5993867e-10,0.0,0.0,0.003148054,0.0034284876,0.0
526,0.98344177,0.0020016085,2.578485e-09,0.0,0.0,0.0035022546,0.0110543175,0.0
527,0.9627449,3.0538867e-09,7.3165206e-06,0.0,0.0,0.02783577,0.00941201,0.0
528,0.9654538,7.636755e-09,4.9259106e-06,0.0,0.0,0.024514532,0.010026797,0.0
529,0.9627449,3.0538867e-09,7.3165206e-06,0.0,0.0,0.02783577,0.00941201,0.0
530,0.9627449,3.0538867e-09,7.3165206e-06,0.0,0.0,0.02783577,0.00941201,0.0
531,0.96332556,3.6677976e-09,6.7578935e-06,0.0,0.0,0.027136302,0.009531409,0.0
532,0.99988675,6.8924684e-14,2.1276465e-17,0.0,0.0,0.00010140588,1.1754266e-05,0.0
533,0.9998667,1.9156776e-13,4.508848e-17,0.0,0.0,0.00011793246,1.5323247e-05,0.0
534,0.9937921,4.9402782e-08,1.2084519e-09,0.0,0.0,0.0036359115,0.0025719998,0.0
535,0.99797577,1.4848414e-09,8.718341e-12,0.0,0.0,0.0014119454,0.00061234366,0.0
536,0.88879395,6.3212456e-06,0.0004068242,1.7274766e-21,6.085312e-21,0.05222058,0.0585723,3.5935936e-35
537,0.9996339,2.6194621e-11,5.6062214e-15,0.0,0.0,0.00029266826,7.341499e-05,0.0
538,0.88352364,3.7031584e-06,0.00059387577,5.5645676e-21,3.284158e-20,0.058152396,0.05772638,6.527446e-34
539,0.9080445,0.00011316908,5.1349885e-05,2.3434117e-24,3.2996116e-25,0.028965041,0.062825955,0.0
540,0.7861303,0.0004783698,0.0026713659,7.994966e-11,5.6368788e-11,0.06610916,0.14461073,1.8248868e-17
541,0.99188775,1.4455508e-09,6.92148e-09,0.0,0.0,0.0059300154,0.0021822217,0.0
542,0.9627449,3.0538867e-09,7.3165206e-06,0.0,0.0,0.02783577,0.00941201,0.0
543,0.9627449,3.0538867e-09,7.3165206e-06,0.0,0.0,0.02783577,0.00941201,0.0
544,0.9654538,7.636755e-09,4.9259106e-06,0.0,0.0,0.024514532,0.010026797,0.0
545,0.9942075,5.4994665e-08,8.5777935e-10,0.0,0.0,0.0033529534,0.0024394582,0.0
546,0.99797577,1.4848414e-09,8.718341e-12,0.0,0.0,0.0014119454,0.00061234366,0.0
547,0.98916805,7.0422375e-06,4.4522146e-09,0.0,0.0,0.0042710463,0.006553914,0.0
548,0.88879395,6.3212456e-06,0.0004068242,1.7274766e-21,6.085312e-21,0.05222058,0.0585723,3.5935936e-35
549,0.88352364,3.7031584e-06,0.00059387577,5.5645676e-21,3.284158e-20,0.058152396,0.05772638,6.527446e-34
550,0.96577924,8.630199e-09,4.6742643e-06,0.0,0.0,0.024103861,0.010112201,0.0
551,0.9399858,0.00027261686,4.7876556e-06,1.1574329e-31,1.6695516e-34,0.018036498,0.04170034,0.0
552,0.9812723,2.678226e-09,2.5589006e-07,0.0,0.0,0.013970105,0.0047573973,0.0
553,0.9982547,5.7049623e-09,4.1867343e-12,0.0,0.0,0.0011596341,0.00058555475,0.0
554,0.9982584,6.220331e-09,4.100433e-12,0.0,0.0,0.0011524677,0.0005890249,0.0
555,0.9399858,0.00027261686,4.7876556e-06,1.1574329e-31,1.6695516e-34,0.018036498,0.04170034,0.0
556,0.96577924,8.630413e-09,4.674255e-06,0.0,0.0,0.02410377,0.010112238,0.0
557,0.96577924,8.630413e-09,4.674255e-06,0.0,0.0,0.02410377,0.010112238,0.0
558,0.9986376,1.3842694e-12,1.857048e-12,0.0,0.0,0.0011782709,0.000184037,0.0
559,0.99797577,1.4848414e-09,8.718341e-12,0.0,0.0,0.0014119454,0.00061234366,0.0
560,0.9891677,7.041886e-06,4.452841e-09,0.0,0.0,0.0042711752,0.006554061,0.0
561,0.98916745,7.0421797e-06,4.453282e-09,0.0,0.0,0.004271288,0.00655426,0.0
562,0.8904054,7.554037e-06,0.00035870096,1.1727004e-21,3.4788175e-21,0.05037673,0.058851667,1.373712e-35
563,0.98040456,2.4942308e-09,3.1661924e-07,0.0,0.0,0.014684429,0.0049106623,0.0
564,0.9467539,1.1382794e-09,3.7887796e-05,3.7368493e-38,3.452888e-36,0.042138647,0.01106953,0.0
565,0.9794957,2.3228788e-09,3.9180324e-07,0.0,0.0,0.015435088,0.0050688027,0.0
566,0.9742443,9.523236e-06,2.6180768e-07,0.0,0.0,0.010822216,0.014923681,0.0
567,0.98820543,1.2785135e-11,3.9644977e-08,0.0,0.0,0.010235014,0.0015595099,0.0
568,0.98820543,1.2785135e-11,3.9644977e-08,0.0,0.0,0.010235014,0.0015595099,0.0
569,0.98622316,0.001161683,1.7211724e-09,0.0,0.0,0.0032751919,0.009339946,0.0
570,0.99000823,1.4278939e-09,1.7846725e-08,0.0,0.0,0.0073614186,0.0026303874,0.0
571,0.99326867,3.1447962e-09,2.7312355e-09,0.0,0.0,0.0047044633,0.0020269412,0.0
572,0.8871118,5.2894443e-06,0.00046145258,2.5480378e-21,1.0659598e-20,0.0541297,0.05829181,9.4238033e-35
573,0.88352364,3.7031584e-06,0.00059387577,5.5645676e-21,3.284158e-20,0.058152396,0.05772638,6.527446e-34
574,0.9995567,6.88952e-11,1.3027586e-14,0.0,0.0,0.0003431308,0.00010004969,0.0
575,0.9995567,6.88952e-11,1.3027586e-14,0.0,0.0,0.0003431308,0.00010004969,0.0
576,0.98710304,2.2720984e-08,3.3469583e-08,0.0,0.0,0.008128497,0.004768409,0.0
577,0.9865497,6.2675153e-06,1.2409768e-08,0.0,0.0,0.005273881,0.008170185,0.0
578,0.98655105,6.2660897e-06,1.2404675e-08,0.0,0.0,0.005273445,0.008169261,0.0
579,0.97535443,9.5754835e-08,5.6553546e-07,0.0,0.0,0.013679,0.010965921,0.0
580,1.0,0.0,1.538906e-31,0.0,0.0,1.513602e-10,4.622373e-12,0.0
581,0.9647933,6.313875e-05,1.8805953e-06,5.983158e-32,3.42386e-21,0.0076120296,0.027529655,0.0
582,1.0,0.0,1.538906e-31,0.0,0.0,1.513602e-10,4.622373e-12,0.0
583,0.9647933,6.313875e-05,1.8805953e-06,5.983158e-32,3.42386e-21,0.0076120296,0.027529655,0.0
584,0.39095092,0.038931403,0.0084751975,0.24621917,0.041616816,0.037146796,0.21072042,0.025939254
585,0.38129175,0.037943613,0.008406538,0.2577239,0.04439014,0.0363398,0.20552664,0.028377654
586,0.9815192,2.3181462e-06,3.75793e-07,0.0,1.766606e-25,0.004589985,0.01388809,0.0
587,0.39095092,0.038931403,0.0084751975,0.24621917,0.041616816,0.037146796,0.21072042,0.025939254
588,0.98418194,1.2423499e-06,2.3718984e-07,0.0,1.3353726e-26,0.0040042303,0.011812402,0.0
589,0.9815192,2.3181462e-06,3.75793e-07,0.0,1.766606e-25,0.004589985,0.01388809,0.0
590,0.39095092,0.038931403,0.0084751975,0.24621917,0.041616816,0.037146796,0.21072042,0.025939254
591,1.0,1.6193682e-31,1.3411414e-24,0.0,0.0,2.1012863e-08,6.824376e-09,0.0
592,1.0,1.6193682e-31,1.3411414e-24,0.0,0.0,2.1012863e-08,6.824376e-09,0.0
593,1.0,1.6193682e-31,1.3411414e-24,0.0,0.0,2.1012863e-08,6.824376e-09,0.0
594,1.0,0.0,1.0777118e-31,0.0,0.0,1.3593952e-10,4.0547175e-12,0.0
595,0.9647933,6.313875e-05,1.8805953e-06,5.983158e-32,3.42386e-21,0.0076120296,0.027529655,0.0
596,0.9815192,2.3181462e-06,3.75793e-07,0.0,1.766606e-25,0.004589985,0.01388809,0.0
597,1.0,0.0,1.18834146e-36,0.0,0.0,4.355058e-12,6.237041e-14,0.0
598,0.91151524,0.0009960805,4.5922723e-05,1.0412982e-20,7.587642e-14,0.018081475,0.069361314,0.0
599,0.9742354,1.5097707e-05,8.0356284e-07,1.4359887e-35,2.3275666e-23,0.005885522,0.019863166,0.0
600,0.9886331,3.1247544e-07,9.161065e-08,0.0,5.9895103e-29,0.0030054082,0.008361081,0.0
601,0.9647933,6.313875e-05,1.8805953e-06,5.983158e-32,3.42386e-21,0.0076120296,0.027529655,0.0
602,1.0,0.0,4.310408e-38,0.0,0.0,1.5946244e-12,1.742966e-14,0.0
603,0.6185851,0.054046612,0.004505288,0.0023138789,0.0016693046,0.049202528,0.2696764,9.211696e-07
604,1.0,2.0970854e-35,1.3736044e-26,0.0,0.0,5.186723e-09,1.0190692e-09,0.0
605,0.9886331,3.1247544e-07,9.161065e-08,0.0,5.9895103e-29,0.0030054082,0.008361081,0.0
606,1.0,0.0,4.310408e-38,0.0,0.0,1.5946244e-12,1.742966e-14,0.0
607,0.9724205,2.060302e-05,9.675535e-07,8.825174e-35,6.909741e-23,0.006226774,0.021331185,0.0
608,1.0,0.0,3.4243792e-35,0.0,0.0,1.2253263e-11,2.7851576e-13,0.0
